nrInst,nrAgencia,cdClient,nmClient,nrCpfCnpj,nrContrato,dtContrato,qtPrestacoes,vlTotal,cdProduto,dsProduto,cdCarteira,dsCarteira,nrProposta,nrPresta,tpPresta,nrSeqPre,dtVctPre,vlPresta,vlMora,vlMulta,vlOutAcr,vlIof,vlDescon,vlAtual,idSituac,idSitVen
533,32,56133,CLIENTE 1,12345678910,733067,20221227,5,83720.19,777,CDC PESSOA JURIDICA,17,CRÉDITO DIRETO AO CONSUMIDOR,798586,2,Original,0,20220406,17524.03,29196.96,536.4,0,0,0,47257.39,Aberta,Vencida
533,32,56133,CLIENTE 1,12345678910,733067,20221227,5,83720.19,777,CDC PESSOA JURIDICA,17,CRÉDITO DIRETO AO CONSUMIDOR,798586,3,Original,0,20241113,98750.27,43130.98,77238.37,0,0,0,219119.62,Aberta,Vencida
533,32,56133,CLIENTE 1,12345678910,733067,20221227,5,83720.19,777,CDC PESSOA JURIDICA,17,CRÉDITO DIRETO AO CONSUMIDOR,798586,4,Original,0,20221004,55430.51,21312.43,76817.09,0,0,0,153560.03,Aberta,Vencida
533,32,56133,CLIENTE 1,12345678910,733067,20221227,5,83720.19,777,CDC PESSOA JURIDICA,17,CRÉDITO DIRETO AO CONSUMIDOR,798586,5,Original,0,20230925,88297.91,48666.68,87550.74,0,0,0,224515.33000000002,Aberta,Vencida
533,32,56133,CLIENTE 1,12345678910,733067,20221227,5,83720.19,777,CDC PESSOA JURIDICA,17,CRÉDITO DIRETO AO CONSUMIDOR,798586,6,Original,0,20231023,43609.6,15383.17,39056.15,0,0,0,98048.92,Aberta,Vencida
1150,25,81045,CLIENTE 2,12345678910112,273134,20240804,5,49396.22,1708,CDC PESSOA JURIDICA,2,CRÉDITO DIRETO AO CONSUMIDOR,826965,2,Original,0,20230502,54815.71,69011.51,87297.2,0,0,0,211124.41999999998,Aberta,Vencida
1150,25,81045,CLIENTE 2,12345678910112,273134,20240804,5,49396.22,1708,CDC PESSOA JURIDICA,2,CRÉDITO DIRETO AO CONSUMIDOR,826965,3,Original,0,20240624,11927.09,8993.54,55743.14,0,0,0,76663.77,Aberta,Vencida